Hashtag,Summary
#BETRemembersDMX,Former rap artist DMX recently passed away and BET is a tv station that focuses on rap and R&B music and they're featuring him for all the music he has made while he was alive.
#BETRemembersDMX,Former rap artist DMX recently passed away and BET is a tv station that focuses on rap and R&B music and they're featuring him for all the music he has made while he was alive.
#BETRemembersDMX,Former rap artist DMX recently passed away and BET is a tv station that focuses on rap and R&B music and they're featuring him for all the music he has made while he was alive.
#ArmenianGenocide,#Armeniangenocide
#ArmenianGenocide,#Armeniangenocide
#ArmenianGenocide,#Armeniangenocide
#BETRemembersDMX,"To honor the life of DMX, BET televised and streamed “BET REMEMBERS DMX”"
#BETRemembersDMX,"To honor the life of DMX, BET televised and streamed “BET REMEMBERS DMX”"
#BETRemembersDMX,"To honor the life of DMX, BET televised and streamed “BET REMEMBERS DMX”"
#DOYOUNG,great
#DOYOUNG,great
#DOYOUNG,great
#marshelicopter,marshelicopter is on trend because it is the first drone to fly to mars. It is incredible that we have managed to fly a drone miles away from the earth
#marshelicopter,marshelicopter is on trend because it is the first drone to fly to mars. It is incredible that we have managed to fly a drone miles away from the earth
#marshelicopter,marshelicopter is on trend because it is the first drone to fly to mars. It is incredible that we have managed to fly a drone miles away from the earth
#dogecoin,is a cryptocurrency easy investment profit for everyone
#dogecoin,is a cryptocurrency easy investment profit for everyone
#dogecoin,is a cryptocurrency easy investment profit for everyone
#supermoon,"Because a full ""pink"" supermoon will illuminate the sky tonight. Monday's supermoon has a tide-shifting twist."
#supermoon,"Because a full ""pink"" supermoon will illuminate the sky tonight. Monday's supermoon has a tide-shifting twist."
#supermoon,"Because a full ""pink"" supermoon will illuminate the sky tonight. Monday's supermoon has a tide-shifting twist."
#dogecoin,"Dogecoin, a meme cryptocurrency, recently saw a skyrocket in value after Elon Musk dubbed himself the ""Dogefather"" and promoted the currency. Although it started out as a joke, it is now a true competitor to Bitcoin."
#dogecoin,"Dogecoin, a meme cryptocurrency, recently saw a skyrocket in value after Elon Musk dubbed himself the ""Dogefather"" and promoted the currency. Although it started out as a joke, it is now a true competitor to Bitcoin."
#dogecoin,"Dogecoin, a meme cryptocurrency, recently saw a skyrocket in value after Elon Musk dubbed himself the ""Dogefather"" and promoted the currency. Although it started out as a joke, it is now a true competitor to Bitcoin."
#europeansuperleague,European super league is in regards to the Football games that are held around this time every year.
#europeansuperleague,European super league is in regards to the Football games that are held around this time every year.
#europeansuperleague,European super league is in regards to the Football games that are held around this time every year.
#dogecoin,Elon Musk talked about dogecoin
#dogecoin,Elon Musk talked about dogecoin
#dogecoin,Elon Musk talked about dogecoin
#dogecoin,ssasd
#dogecoin,ssasd
#dogecoin,ssasd
#europeansuperleague,#europeansuperleague
#europeansuperleague,#europeansuperleague
#europeansuperleague,#europeansuperleague
#ArmenianGenocide,President Joe Biden is being applauded for recognizing the Armenian Genocide.
#ArmenianGenocide,President Joe Biden is being applauded for recognizing the Armenian Genocide.
#ArmenianGenocide,President Joe Biden is being applauded for recognizing the Armenian Genocide.
#DOYOUNG,Kim Doyoung who is a korean popstar came out with a new album.
#DOYOUNG,Kim Doyoung who is a korean popstar came out with a new album.
#DOYOUNG,Kim Doyoung who is a korean popstar came out with a new album.
#GEICO500,"The GEICO 500 is a NASCAR Cup Series stock car race held at the Talladega Superspeedway in Lincoln, Alabama. The race is usually held in April or May."
#GEICO500,"The GEICO 500 is a NASCAR Cup Series stock car race held at the Talladega Superspeedway in Lincoln, Alabama. The race is usually held in April or May."
#GEICO500,"The GEICO 500 is a NASCAR Cup Series stock car race held at the Talladega Superspeedway in Lincoln, Alabama. The race is usually held in April or May."
#BETRemembersDMX,BET aired a show honoring the legend DMX
#BETRemembersDMX,BET aired a show honoring the legend DMX
#BETRemembersDMX,BET aired a show honoring the legend DMX
#BETRemembersDMX,funeral event will serve as the final greeting to rapper DMX who died on April 9 at just 50 years old.
#BETRemembersDMX,funeral event will serve as the final greeting to rapper DMX who died on April 9 at just 50 years old.
#BETRemembersDMX,funeral event will serve as the final greeting to rapper DMX who died on April 9 at just 50 years old.
#supermoon,supermoon is the coincidence of full moon with the shortest distance between earth and moon. This means that the moon is seen much larger than usual and therefore many people are interested in seeing and photographing it
#supermoon,supermoon is the coincidence of full moon with the shortest distance between earth and moon. This means that the moon is seen much larger than usual and therefore many people are interested in seeing and photographing it
#supermoon,supermoon is the coincidence of full moon with the shortest distance between earth and moon. This means that the moon is seen much larger than usual and therefore many people are interested in seeing and photographing it
#europeansuperleague,#europeansuperleague
#europeansuperleague,#europeansuperleague
#europeansuperleague,#europeansuperleague
#DaunteWright,He was a black man who was killed by the police. Civil rights activists and celebrities are saying his name so he isn't forgotten.
#DaunteWright,He was a black man who was killed by the police. Civil rights activists and celebrities are saying his name so he isn't forgotten.
#DaunteWright,He was a black man who was killed by the police. Civil rights activists and celebrities are saying his name so he isn't forgotten.
#europeansuperleague,European football clubs to break away from UEFA and start their own competition in 2021
#europeansuperleague,European football clubs to break away from UEFA and start their own competition in 2021
#europeansuperleague,European football clubs to break away from UEFA and start their own competition in 2021
#marshelicopter,"In March helicopter was launched to mars, and successfully completed its missions"
#marshelicopter,"In March helicopter was launched to mars, and successfully completed its missions"
#marshelicopter,"In March helicopter was launched to mars, and successfully completed its missions"
#supermoon,#supermoon
#supermoon,#supermoon
#supermoon,#supermoon
#dogecoin,Dogecoin has become a more used open source peer-to-peer cryptocurrency option. Billionaire Elon Musk thinks dugecoing is pretty cool and his company and dogecoin have been talkng. Millions of coins have been transacted in dogecing in an hour in the last 24 hours
#dogecoin,Dogecoin has become a more used open source peer-to-peer cryptocurrency option. Billionaire Elon Musk thinks dugecoing is pretty cool and his company and dogecoin have been talkng. Millions of coins have been transacted in dogecing in an hour in the last 24 hours
#dogecoin,Dogecoin has become a more used open source peer-to-peer cryptocurrency option. Billionaire Elon Musk thinks dugecoing is pretty cool and his company and dogecoin have been talkng. Millions of coins have been transacted in dogecing in an hour in the last 24 hours
#supermoon,Tuesday night's supermoon is the first of several for 2021.
#supermoon,Tuesday night's supermoon is the first of several for 2021.
#supermoon,Tuesday night's supermoon is the first of several for 2021.
#marshelicopter,sesds sdsdds ds sdsds
#marshelicopter,sesds sdsdds ds sdsds
#marshelicopter,sesds sdsdds ds sdsds
#DOYOUNG,#DOYOUNG
#DOYOUNG,#DOYOUNG
#DOYOUNG,#DOYOUNG
#GEICO500,GEICO is hosting some special sales events for their services.  New customers can get some great rates on special deals too.
#GEICO500,GEICO is hosting some special sales events for their services.  New customers can get some great rates on special deals too.
#GEICO500,GEICO is hosting some special sales events for their services.  New customers can get some great rates on special deals too.
#GEICO500,Because it gives more attention
#GEICO500,Because it gives more attention
#GEICO500,Because it gives more attention
#ArmenianGenocide,"systematic killing, ethnic cleansing, Armenian Massacre"
#ArmenianGenocide,"systematic killing, ethnic cleansing, Armenian Massacre"
#ArmenianGenocide,"systematic killing, ethnic cleansing, Armenian Massacre"
#ArmenianGenocide,zz sdssdwf feerge efer  erees se e
#ArmenianGenocide,zz sdssdwf feerge efer  erees se e
#ArmenianGenocide,zz sdssdwf feerge efer  erees se e
#myanmar,#myanmar
#myanmar,#myanmar
#myanmar,#myanmar
#GEICO500,This is a Nascar event. It is happening at Talledega. It is a super speedway.
#GEICO500,This is a Nascar event. It is happening at Talledega. It is a super speedway.
#GEICO500,This is a Nascar event. It is happening at Talledega. It is a super speedway.
#europeansuperleague,Top European football clubs to break away from UEFA and start their own competition in 2021.
#europeansuperleague,Top European football clubs to break away from UEFA and start their own competition in 2021.
#europeansuperleague,Top European football clubs to break away from UEFA and start their own competition in 2021.
#DOYOUNG,Kim Doyoung came out with a new album.
#DOYOUNG,Kim Doyoung came out with a new album.
#DOYOUNG,Kim Doyoung came out with a new album.
#supermoon,"There was a supermoon on April 27, 2021."
#supermoon,"There was a supermoon on April 27, 2021."
#supermoon,"There was a supermoon on April 27, 2021."
#supermoon,The full pink moon is appearing and its causing it to become a super moon and people are talking about it and showing pictures of the moon.
#supermoon,The full pink moon is appearing and its causing it to become a super moon and people are talking about it and showing pictures of the moon.
#supermoon,The full pink moon is appearing and its causing it to become a super moon and people are talking about it and showing pictures of the moon.
#supermoon,"Unique moon sighting on May 26, 2021"
#supermoon,"Unique moon sighting on May 26, 2021"
#supermoon,"Unique moon sighting on May 26, 2021"
#supermoon,A supermoon is a full moon or a new moon that nearly coincides with perigee—the closest that the Moon comes to the Earth in its elliptic orbit—resulting in a slightly larger-than-usual apparent size of the lunar disk as viewed from Earth. The technical name is a perigee syzygy or a full Moon around perigee.
#supermoon,A supermoon is a full moon or a new moon that nearly coincides with perigee—the closest that the Moon comes to the Earth in its elliptic orbit—resulting in a slightly larger-than-usual apparent size of the lunar disk as viewed from Earth. The technical name is a perigee syzygy or a full Moon around perigee.
#supermoon,A supermoon is a full moon or a new moon that nearly coincides with perigee—the closest that the Moon comes to the Earth in its elliptic orbit—resulting in a slightly larger-than-usual apparent size of the lunar disk as viewed from Earth. The technical name is a perigee syzygy or a full Moon around perigee.
#GEICO500,"The GEICO 500 races are part of NASCAR Cup Series stock car race that was held this past Sunday at the Talladega Superspeedway in Lincoln, Alabama. This year had some surprising new entrances that were unexpected. The race was so tight but as was almost expected Brad Keselowski toped the rece with 49 points running."
#GEICO500,"The GEICO 500 races are part of NASCAR Cup Series stock car race that was held this past Sunday at the Talladega Superspeedway in Lincoln, Alabama. This year had some surprising new entrances that were unexpected. The race was so tight but as was almost expected Brad Keselowski toped the rece with 49 points running."
#GEICO500,"The GEICO 500 races are part of NASCAR Cup Series stock car race that was held this past Sunday at the Talladega Superspeedway in Lincoln, Alabama. This year had some surprising new entrances that were unexpected. The race was so tight but as was almost expected Brad Keselowski toped the rece with 49 points running."
#europeansuperleague,#europeansuperleague
#europeansuperleague,#europeansuperleague
#europeansuperleague,#europeansuperleague
#DaunteWright,Black man victim of police shooting
#DaunteWright,Black man victim of police shooting
#DaunteWright,Black man victim of police shooting
#myanmar,"myanmar is a Southeast Asian nation, it is now at war and there are various clashes across the country"
#myanmar,"myanmar is a Southeast Asian nation, it is now at war and there are various clashes across the country"
#myanmar,"myanmar is a Southeast Asian nation, it is now at war and there are various clashes across the country"
#ArmenianGenocide,lkk
#ArmenianGenocide,lkk
#ArmenianGenocide,lkk
#supermoon,sssssss  sssssss ssssssssss
#supermoon,sssssss  sssssss ssssssssss
#supermoon,sssssss  sssssss ssssssssss
#DaunteWright,sdsda ww w w w
#DaunteWright,sdsda ww w w w
#DaunteWright,sdsda ww w w w
#DaunteWright,Daunte Wright hes been killed by Police in Minneapolis
#DaunteWright,Daunte Wright hes been killed by Police in Minneapolis
#DaunteWright,Daunte Wright hes been killed by Police in Minneapolis
#myanmar,Rockets were fired at two Myanmar airbases in the UN
#myanmar,Rockets were fired at two Myanmar airbases in the UN
#myanmar,Rockets were fired at two Myanmar airbases in the UN
#DOYOUNG,"Kim Doyoung, who is a korean pop singer, came out with another album."
#DOYOUNG,"Kim Doyoung, who is a korean pop singer, came out with another album."
#DOYOUNG,"Kim Doyoung, who is a korean pop singer, came out with another album."
#europeansuperleague,#europeansuperleague
#europeansuperleague,#europeansuperleague
#europeansuperleague,#europeansuperleague
#BETRemembersDMX,BET aired a show honoring and remembering legend DMX
#BETRemembersDMX,BET aired a show honoring and remembering legend DMX
#BETRemembersDMX,BET aired a show honoring and remembering legend DMX
#myanmar,Military attack due to coup
#myanmar,Military attack due to coup
#myanmar,Military attack due to coup
#GEICO500,Geico is the sponsor of NASCAR Talladega speedway
#GEICO500,Geico is the sponsor of NASCAR Talladega speedway
#GEICO500,Geico is the sponsor of NASCAR Talladega speedway
#DOYOUNG,#DOYOUNG
#DOYOUNG,#DOYOUNG
#DOYOUNG,#DOYOUNG
#dogecoin,It is a meme cryptocurrency that people are buying and hoping to make unrealistic amounts of money
#dogecoin,It is a meme cryptocurrency that people are buying and hoping to make unrealistic amounts of money
#dogecoin,It is a meme cryptocurrency that people are buying and hoping to make unrealistic amounts of money
#DaunteWright,"A police officer shot and killed Daunte Wright in Brooklyn Center, Minn"
#DaunteWright,"A police officer shot and killed Daunte Wright in Brooklyn Center, Minn"
#DaunteWright,"A police officer shot and killed Daunte Wright in Brooklyn Center, Minn"
#ArmenianGenocide,President Joe Biden for properly recognized the Armenian Genocide
#ArmenianGenocide,President Joe Biden for properly recognized the Armenian Genocide
#ArmenianGenocide,President Joe Biden for properly recognized the Armenian Genocide
#marshelicopter,A helicopter has been sent to Mars for the first time in history. It is on it's second flight. It is flying higher and longer.
#marshelicopter,A helicopter has been sent to Mars for the first time in history. It is on it's second flight. It is flying higher and longer.
#marshelicopter,A helicopter has been sent to Mars for the first time in history. It is on it's second flight. It is flying higher and longer.
#GEICO500,Geico 500 appears to be a NASCAR Race Cup series thats usually held in April or May every year.
#GEICO500,Geico 500 appears to be a NASCAR Race Cup series thats usually held in April or May every year.
#GEICO500,Geico 500 appears to be a NASCAR Race Cup series thats usually held in April or May every year.
#dogecoin,"A digital currency based on the popular internet meme ""doge"" and features a Shiba Inu in its logo."
#dogecoin,"A digital currency based on the popular internet meme ""doge"" and features a Shiba Inu in its logo."
#dogecoin,"A digital currency based on the popular internet meme ""doge"" and features a Shiba Inu in its logo."
#BETRemembersDMX,ssssss sssssss ssssssss ssss
#BETRemembersDMX,ssssss sssssss ssssssss ssss
#BETRemembersDMX,ssssss sssssss ssssssss ssss
#supermoon,"We just had a super moon on 4/27, everyone is posting their photos of it and tagging it"
#supermoon,"We just had a super moon on 4/27, everyone is posting their photos of it and tagging it"
#supermoon,"We just had a super moon on 4/27, everyone is posting their photos of it and tagging it"
#BETRemembersDMX,#BETRemembersDMX
#BETRemembersDMX,#BETRemembersDMX
#BETRemembersDMX,#BETRemembersDMX
#dogecoin,Dogecoin is worth 40 million right now
#dogecoin,Dogecoin is worth 40 million right now
#dogecoin,Dogecoin is worth 40 million right now
#europeansuperleague,A group of 12 clubs from across Europe's biggest leagues announced plans to form a new competition called the Super League.
#europeansuperleague,A group of 12 clubs from across Europe's biggest leagues announced plans to form a new competition called the Super League.
#europeansuperleague,A group of 12 clubs from across Europe's biggest leagues announced plans to form a new competition called the Super League.
#myanmar,ds we ewwewwqf a esds  wewe w wew   wewewew a awwe  wewe
#myanmar,ds we ewwewwqf a esds  wewe w wew   wewewew a awwe  wewe
#myanmar,ds we ewwewwqf a esds  wewe w wew   wewewew a awwe  wewe
#GEICO500,"One random winner will be selected after the race to win the  @GEICO  car topper, straight from victory lane! One week away from RACE WEEK ? Race is gonna start in a week and every one is waiting for a race."
#GEICO500,"One random winner will be selected after the race to win the  @GEICO  car topper, straight from victory lane! One week away from RACE WEEK ? Race is gonna start in a week and every one is waiting for a race."
#GEICO500,"One random winner will be selected after the race to win the  @GEICO  car topper, straight from victory lane! One week away from RACE WEEK ? Race is gonna start in a week and every one is waiting for a race."
#myanmar,s we fdsfa efefafd e  w
#myanmar,s we fdsfa efefafd e  w
#myanmar,s we fdsfa efefafd e  w
#DOYOUNG,A musician named Doyoung of NCT will be the male lead in a television drama that will air on Friday.
#DOYOUNG,A musician named Doyoung of NCT will be the male lead in a television drama that will air on Friday.
#DOYOUNG,A musician named Doyoung of NCT will be the male lead in a television drama that will air on Friday.
#marshelicopter,"Ingenuity is a small robotic solar helicopter operating on Mars as part of NASA's Mars 2020 mission. On 19 April 2021, it successfully completed the first powered controlled flight by an aircraft on a planet besides Earth, taking off vertically, hovering and landing.[9][10] The battery-powered coaxial drone rotorcraft is serving as a technology demonstrator for the potential use of flying probes on future missions to Mars and other worlds, and will have the potential to scout locations of interest and support the future planning of driving routes for Mars rovers."
#marshelicopter,"Ingenuity is a small robotic solar helicopter operating on Mars as part of NASA's Mars 2020 mission. On 19 April 2021, it successfully completed the first powered controlled flight by an aircraft on a planet besides Earth, taking off vertically, hovering and landing.[9][10] The battery-powered coaxial drone rotorcraft is serving as a technology demonstrator for the potential use of flying probes on future missions to Mars and other worlds, and will have the potential to scout locations of interest and support the future planning of driving routes for Mars rovers."
#marshelicopter,"Ingenuity is a small robotic solar helicopter operating on Mars as part of NASA's Mars 2020 mission. On 19 April 2021, it successfully completed the first powered controlled flight by an aircraft on a planet besides Earth, taking off vertically, hovering and landing.[9][10] The battery-powered coaxial drone rotorcraft is serving as a technology demonstrator for the potential use of flying probes on future missions to Mars and other worlds, and will have the potential to scout locations of interest and support the future planning of driving routes for Mars rovers."
#dogecoin,"Doge coin is becoming a huge craze over the internet world and stocks, so a lot of people are talking about it and investing into it and mining it. S"
#dogecoin,"Doge coin is becoming a huge craze over the internet world and stocks, so a lot of people are talking about it and investing into it and mining it. S"
#dogecoin,"Doge coin is becoming a huge craze over the internet world and stocks, so a lot of people are talking about it and investing into it and mining it. S"
#ArmenianGenocide,"This hashtag is trending because Biden became the first US President to acknowledge the Armenian Genocide. Previously, it had never been mentioned by a US President."
#ArmenianGenocide,"This hashtag is trending because Biden became the first US President to acknowledge the Armenian Genocide. Previously, it had never been mentioned by a US President."
#ArmenianGenocide,"This hashtag is trending because Biden became the first US President to acknowledge the Armenian Genocide. Previously, it had never been mentioned by a US President."
#myanmar,news that is happening right now
#myanmar,news that is happening right now
#myanmar,news that is happening right now
#ArmenianGenocide,Biden recognized the armenian genocide
#ArmenianGenocide,Biden recognized the armenian genocide
#ArmenianGenocide,Biden recognized the armenian genocide
#marshelicopter,"Ingenuity is a small robotic solar helicopter operating on Mars as part of NASA's Mars 2020 mission. On 19 April 2021, it successfully completed the first powered controlled flight by an aircraft on a planet besides Earth, taking off vertically, hovering and landing.[9][10] The battery-powered coaxial drone rotorcraft is serving as a technology demonstrator for the potential use of flying probes on future missions to Mars and other worlds, and will have the potential to scout locations of interest and support the future planning of driving routes for Mars rovers."
#marshelicopter,"Ingenuity is a small robotic solar helicopter operating on Mars as part of NASA's Mars 2020 mission. On 19 April 2021, it successfully completed the first powered controlled flight by an aircraft on a planet besides Earth, taking off vertically, hovering and landing.[9][10] The battery-powered coaxial drone rotorcraft is serving as a technology demonstrator for the potential use of flying probes on future missions to Mars and other worlds, and will have the potential to scout locations of interest and support the future planning of driving routes for Mars rovers."
#marshelicopter,"Ingenuity is a small robotic solar helicopter operating on Mars as part of NASA's Mars 2020 mission. On 19 April 2021, it successfully completed the first powered controlled flight by an aircraft on a planet besides Earth, taking off vertically, hovering and landing.[9][10] The battery-powered coaxial drone rotorcraft is serving as a technology demonstrator for the potential use of flying probes on future missions to Mars and other worlds, and will have the potential to scout locations of interest and support the future planning of driving routes for Mars rovers."
#myanmar,A peaceful candle-lit night strike was held severals hours ago in Aung Myay Kwat Thit to oppose the recent military coup. Daily protest intesify against military rule in Myanmar. Aung San Suu Kyi still under arrest by the Junta leadership depicting more demostrations by her supporters seeking her release.
#myanmar,A peaceful candle-lit night strike was held severals hours ago in Aung Myay Kwat Thit to oppose the recent military coup. Daily protest intesify against military rule in Myanmar. Aung San Suu Kyi still under arrest by the Junta leadership depicting more demostrations by her supporters seeking her release.
#myanmar,A peaceful candle-lit night strike was held severals hours ago in Aung Myay Kwat Thit to oppose the recent military coup. Daily protest intesify against military rule in Myanmar. Aung San Suu Kyi still under arrest by the Junta leadership depicting more demostrations by her supporters seeking her release.
#DaunteWright,An officer fatally shot Daunte Wright. The officer was white and Daunte was black. Riots took place in the city Daunte's death happened.
#DaunteWright,An officer fatally shot Daunte Wright. The officer was white and Daunte was black. Riots took place in the city Daunte's death happened.
#DaunteWright,An officer fatally shot Daunte Wright. The officer was white and Daunte was black. Riots took place in the city Daunte's death happened.
#marshelicopter,ssssssss s  s s s ssssssss
#marshelicopter,ssssssss s  s s s ssssssss
#marshelicopter,ssssssss s  s s s ssssssss
#DaunteWright,Police shooting of black man named Daunte Wright
#DaunteWright,Police shooting of black man named Daunte Wright
#DaunteWright,Police shooting of black man named Daunte Wright
#DOYOUNG,"Korean boy group singer Doyoung made his acting debut in the Korean drama ""Cafe Midnight"" in February of 2021."
#DOYOUNG,"Korean boy group singer Doyoung made his acting debut in the Korean drama ""Cafe Midnight"" in February of 2021."
#DOYOUNG,"Korean boy group singer Doyoung made his acting debut in the Korean drama ""Cafe Midnight"" in February of 2021."
#DaunteWright,"A police officer shot and killed Mr. Wright in Brooklyn Center, Minn"
#DaunteWright,"A police officer shot and killed Mr. Wright in Brooklyn Center, Minn"
#DaunteWright,"A police officer shot and killed Mr. Wright in Brooklyn Center, Minn"
#myanmar,It appears that rockets were fired at two bases in Myanmar
#myanmar,It appears that rockets were fired at two bases in Myanmar
#myanmar,It appears that rockets were fired at two bases in Myanmar
#GEICO500,#GEICO500
#GEICO500,#GEICO500
#GEICO500,#GEICO500
#GEICO500,It is a Nascar super speedway. It is a race of race cars. It is happening at Talledega.
#GEICO500,It is a Nascar super speedway. It is a race of race cars. It is happening at Talledega.
#GEICO500,It is a Nascar super speedway. It is a race of race cars. It is happening at Talledega.
#dogecoin,dogecoin is a famous cryptocurrency such as bitcoin and ethereum. she is depopulated after elon mask tweeted that she was buying dogecoin
#dogecoin,dogecoin is a famous cryptocurrency such as bitcoin and ethereum. she is depopulated after elon mask tweeted that she was buying dogecoin
#dogecoin,dogecoin is a famous cryptocurrency such as bitcoin and ethereum. she is depopulated after elon mask tweeted that she was buying dogecoin
#marshelicopter,sssssssssss s
#marshelicopter,sssssssssss s
#marshelicopter,sssssssssss s
#BETRemembersDMX,"BET is honoring recently deceased rapper Earl ""DMX"" Simmons by broadcasting exclusive coverage of his funeral celebration as well as special programming."
#BETRemembersDMX,"BET is honoring recently deceased rapper Earl ""DMX"" Simmons by broadcasting exclusive coverage of his funeral celebration as well as special programming."
#BETRemembersDMX,"BET is honoring recently deceased rapper Earl ""DMX"" Simmons by broadcasting exclusive coverage of his funeral celebration as well as special programming."
#DaunteWright,Daunte Wright was an African American male who recently was shot by the police for no reason over an altercation when he was pulled over by the police while he was on the way over to his brothers house.
#DaunteWright,Daunte Wright was an African American male who recently was shot by the police for no reason over an altercation when he was pulled over by the police while he was on the way over to his brothers house.
#DaunteWright,Daunte Wright was an African American male who recently was shot by the police for no reason over an altercation when he was pulled over by the police while he was on the way over to his brothers house.
#marshelicopter,This hashtag is trending because NASA launched a helicopter from Mars last month.
#marshelicopter,This hashtag is trending because NASA launched a helicopter from Mars last month.
#marshelicopter,This hashtag is trending because NASA launched a helicopter from Mars last month.
#europeansuperleague,#europeansuperleague
#europeansuperleague,#europeansuperleague
#europeansuperleague,#europeansuperleague
#BETRemembersDMX,"Television channel BET televised an event called ""BET Remembers DMX"" on April 25, in honour of recently deceased rapper Earl “DMX” Simmons."
#BETRemembersDMX,"Television channel BET televised an event called ""BET Remembers DMX"" on April 25, in honour of recently deceased rapper Earl “DMX” Simmons."
#BETRemembersDMX,"Television channel BET televised an event called ""BET Remembers DMX"" on April 25, in honour of recently deceased rapper Earl “DMX” Simmons."
#ArmenianGenocide,President Joe Biden for properly recognized the Armenian Genocide
#ArmenianGenocide,President Joe Biden for properly recognized the Armenian Genocide
#ArmenianGenocide,President Joe Biden for properly recognized the Armenian Genocide
#myanmar,"There is an ongoing military coup in Myanmar. On Thursday, April 29, two military bases were attacked."
#myanmar,"There is an ongoing military coup in Myanmar. On Thursday, April 29, two military bases were attacked."
#myanmar,"There is an ongoing military coup in Myanmar. On Thursday, April 29, two military bases were attacked."
#DaunteWright,Daunte Wright was an African American Male who recently was killed during a traffic stop for no apparent reason by the police while him and his girlfriend were on the way to his brothers house.
#DaunteWright,Daunte Wright was an African American Male who recently was killed during a traffic stop for no apparent reason by the police while him and his girlfriend were on the way to his brothers house.
#DaunteWright,Daunte Wright was an African American Male who recently was killed during a traffic stop for no apparent reason by the police while him and his girlfriend were on the way to his brothers house.
#ArmenianGenocide,It has been mentioned recently by President Joe Biden
#ArmenianGenocide,It has been mentioned recently by President Joe Biden
#ArmenianGenocide,It has been mentioned recently by President Joe Biden
#DOYOUNG,He is a member of a K-POP group called NCT
#DOYOUNG,He is a member of a K-POP group called NCT
#DOYOUNG,He is a member of a K-POP group called NCT
#marshelicopter,NASA has a helicopter on Mars named Inegnuity. It failed at its fourth attempt to take off today but will have another chance tomorrow.
#marshelicopter,NASA has a helicopter on Mars named Inegnuity. It failed at its fourth attempt to take off today but will have another chance tomorrow.
#marshelicopter,NASA has a helicopter on Mars named Inegnuity. It failed at its fourth attempt to take off today but will have another chance tomorrow.
#BETRemembersDMX,#Resign Modi
#BETRemembersDMX,#Resign Modi
#BETRemembersDMX,#Resign Modi
#europeansuperleague,This hashtag is trending because a number of European soccer teams announced a plan to form their own soccer league.
#europeansuperleague,This hashtag is trending because a number of European soccer teams announced a plan to form their own soccer league.
#europeansuperleague,This hashtag is trending because a number of European soccer teams announced a plan to form their own soccer league.